name,Total_Demand
"""Godrej Aer Power Pocket - Long Lasting Bathroom Fragrance Fresh Blossom""",10
"""Maggi Magic Cubes, Vegetarian Masala (Free 2 Cubes Inside)""",96
"""Maggi Magic Cubes, Vegetarian Masala""",80
"""Origami Good Karma Paper Serviettes - 100 napkins (1 ply)""",1
24 Mantra Bura Sugar (Demerara),1000
24 Mantra Groundnut Oil (Cold Pressed) Pet Bottle,2
24 Mantra Mustard Oil (Cold Pressed) ,2
24 Mantra Organic Besan,1000
24 Mantra Organic Black Pepper,200
24 Mantra Organic Brown Sona Masoori Rice,2
24 Mantra Organic Chana Dal,1000
24 Mantra Organic Cumin,200
24 Mantra Organic Cumin Powder,200
24 Mantra Organic Green Moong Dal - Split,1000
24 Mantra Organic Jaggery Powder,1000
24 Mantra Organic Jowar Flour,1000
24 Mantra Organic Masoor Dal - Split,1000
24 Mantra Organic Moong Dal,1000
24 Mantra Organic Pancharatna Dal - Split,1000
24 Mantra Organic Peanuts,1000
24 Mantra Organic Puffed Rice,400
24 Mantra Organic Ragi Flour,1000
24 Mantra Organic Rajma,1000
24 Mantra Organic Red Poha,1000
24 Mantra Organic Roasted Bengal Gram Dal,1000
24 Mantra Organic Sattu Atta,1000
24 Mantra Organic Tur Dal,2
24 Mantra Organic Tur Dal - Split,1000
24 Mantra Organic Urad White Whole,1000
24 Mantra Organic Wheat Daliya ,1000
24 Mantra Organic Whole Wheat Atta,2
24 Mantra Red Chilly Whole,200
24 Mantra Sona Masuri Brown Rice,10
24 Mantra Sunflower Oil (Cold Pressed) Pet Bottle,2
24 Mantra Super Grain Quinoa,1000
24 Mantra Turmeric Powder,200
A1 Biodegradable Garbage Dustbin Bags,30
Aashirvaad Atta,20
Aashirvaad Atta With Mutigrains,10
Aashirvaad Breakfast Instant Mix - Rice Idli,400
Aashirvaad Instant Meals - Khatta Meetha Pohaa With Millets,240
Aashirvaad Instant Mix - Rice Dosa,400
Aashirvaad Iodised Salt ,2
Aashirvaad Multigrain Atta,2
Aashirvaad Select Atta,2
Aashirvaad Select Sharbati Atta,10
Aashirvaad Suji Halwa With Jaggery,450
Aashirvaad Superior MP Atta,10
Aashirvaad Superior MP Whole Wheat Atta,2
Aashirvaad Svasti Cow Ghee Tetra Pack,1000
Air Wick Room Air Freshener Spray - Lavender & Lotus,245
Airwick EverFresh Gel Bathroom Air Freshener - Citrus Splash,50
Airwick EverFresh Gel Bathroom Air Freshener - Lavender Dew,50
Airwick Room Air Freshener Spray - Rose & Saffron,245
Airwick Room Air Freshener Spray Cool Water & Aloe Vera,245
Ambi Pur Car Freshener Gel - Relaxing Lavender,75
Amla,250
Amrutanjan Pain Balm Extra Power,27
Amul Butter - Pasteurised,1200
Amul Butter - Pasteurised (School Pack),200
Amul Cheese - Block,1000
Amul Cheese - Pepper,400
Amul Cheese - Processed Slices,400
Amul Cheese Sauce Jalapeno,400
Amul Cheese Sauce Mexican Salsa,400
Amul Cheese Slices,1700
Amul Cheese Spread Creamy,900
Amul Cheese Spread Spicy Garlic,1000
Amul Cheese Spread Yummy Plain,1000
Amul Dark Compound Chocolate Slab,1000
Amul Delicious Fat Spread - Cholesterol Free,3000
Amul Fresh Cream,1004
Amul Frozen Malai Paneer,400
Amul Ghee (Tin),2
Amul Happy Treats French Fries,1275
Amul Lactose Free Milk,500
Amul Lite Spread,500
Amul Malai Paneer Fresh ,400
Amul Milk Compound Chocolate Slab,1000
Amul Mithai Mate Condensed Sweetened Milk,800
Amul Mithai Mate EOE Tin,800
Amul Pizza Cheese - Mozzarella,400
Amul Pizza Cheese Processed,400
Amul Processed Cheese Block,400
Amul Processed Cheese Cubes,400
Amul Pure Ghee (Pouch),1002
Amul Safed Makkhan,1000
Amul Slim Trim Skimmed Milk,2
Amul Spray Infant Milk Food,1500
Amul Taaza Toned Homogenised Milk,2
Amul Unsalted Cooking Butter,1000
Amulya Dairy Whitener ,4
Apple Kinnaur,4
Apple Royal Gala,4
Apple Shimla,4
Apple Washington,4
Apsara Non Dust Eraser,20
Arden Desi Eggs,30
Arden Eggs Brown,30
Arden Eggs White,90
Ariel Complete Detergent Washing Powder 1 kg + 500 g Free,1
Ariel Complete Detergent Washing Powder 500 g  + 200 g Free,500
Ariel Matic Front Load Detergent Powder,1
Ariel Matic Front Load Detergent Washing Powder,3
Ariel Matic Front Load Liquid Detergent,1
Ariel Matic Liquid Detergent Front Load,3
Ariel Matic Top Load Detergent Washing Powder,3
Aro Aluminium Container with Lid 230 ml,25
Avocado Indian Premium,1
Axe Dark Temptation Men's Deodorant,300
Axe Pulse Men's Deodorant,300
Baby Corn Peeled,250
Baby Potato,500
Baggry's Crunchy Muesli Almond Raisins & Honey,600
Bagrry's Fruit Fibre Muesli Mixed Fruit ,3
Bagrrys Corn Flakes,2400
Bagrrys Fruit N Fibre Muesli - Strawberry,3
Bagrrys Fruit N Fibre Muesli Mixed Fruit,1500
Bagrrys Fruit and Nut Muesli with Cranberries,2250
Bagrrys Muesli Crunchy Fruit & Nut With Cranberries,1200
Baidyanath Isabgol,200
Bajaj Almond Drops Hair Oil,200
Bajaj Almond Drops Hair Oil Bottle,400
Baker Street Suji Rusk Large Pack,200
Bambino Popular Vermicelli ,1200
Banana Elaichi ,6
Banana Leaf,1
Banana Nendran,500
Banana Red,500
Banana Robusta,6
Basil,100
Bauli Moonfills Pack of 4,190
Bauli Moonfils - Vanilla,45
Bauli Moonfils Choco Cream (With Egg),45
Bauli Moonfils Choco Veg Puff Roll,45
Bauli Moonfils Orange Puff Roll,45
Bauli Moonfils Strawberry,45
Bauli Moonfils Veg - Strawberry,47
Beans Broad,250
Beans Cluster,250
Beans French,250
Beetroot,750
Bell Peppers Red & Yellow ,2
Betty Crocker Chocolate Fudge Cake Mix,950
Betty Crocker Complete Pancake Mix Original,2000
Betty Crocker French Vanilla Cake Mix,1040
Betty Crocker Mug Treats - Chocolate Mix - Pack of 4,528
Bio Nutrients Pure Diet Tofu Gold ,400
Biryani /Pulav Mix,250
Bitter Gourd,250
Bombay Shaving Company Charcoal Face Wash,200
Bombay Shaving Company Defender Razor,2
Bombay Shaving Company Sensitive Cartridges,6
Borges Canola Oil Pet Bottle,2
Borges Durum Wheat Fusilli Pasta ,2500
Borges Durum Wheat Pasta Superior Quality,2500
Borges Extra Light Olive Oil Bottle ,4
Borges Extra Virgin Olive Oil,500
Borges Farfalle Durum Wheat Pasta ,2500
Bottle Gourd ,1
Brinjal Bharta,1
Brinjal Small,250
Britannia 100% Whole Wheat Bread,900
Britannia 50-50 Maska Chaska Biscuit,345
Britannia 50-50 Maska Chaska Biscuits,120
Britannia Atta Kulcha,500
Britannia Bourbon Biscuit Buy 4 Get 1 Free,500
Britannia Bourbon Chocolate Cream Biscuits,150
Britannia Brown Bread ,800
Britannia Burger Bun with Sesame Seed,600
Britannia Cheese Garlic Bread,600
Britannia Classic Little Hearts ,75
Britannia Fruit Bun,200
Britannia Good Day Butter Cookies,600
Britannia Good Day Cashew Cookies,159
Britannia Good Day Cashew Cookies Pack Of 6,120
Britannia Good Day Cashew Cookies Packet,800
Britannia Good Day Choco Chip Cookies,100
Britannia Good Day Chunky Cookies,120
Britannia Good Day Nut Cookies,120
Britannia Good Day Pista Badam,300
Britannia Goodday Chocochip Cookies,400
Britannia Healthy Slice Sandwich Bread,900
Britannia Marie Gold (Buy 4 Get 1 Free),600
Britannia Marie Gold Biscuit,200
Britannia Marie Gold Biscuits Packet,250
Britannia Milk Bikis Biscuits Packet,200
Britannia Milk Bikis Cream Biscuit,700
Britannia Milk Bikis Milky Sandwich,120
Britannia Multigrain Bread ,800
Britannia Nice Time Biscuit,150
Britannia Nutri Choice Cracker Sugar Free Biscuit,300
Britannia Nutri Choice Digestive Biscuit,150
Britannia Nutri Choice Digestive Biscuits Packet,100
Britannia Nutri Choice Oats Choco Almond Biscuit,75
Britannia Nutri Choice Oats Milk Almond Biscuit,75
Britannia Nutri Choice Ragi Cookies,150
Britannia Nutrichoice 5 Grain Digestive Biscuits,200
Britannia Pav,500
Britannia Pure Magic - Chocolush,100
Britannia Pure Magic Choco Lush Cookies,300
Britannia Pure Magic Vanilla Creme Biscuit,100
Britannia Roll Yo! Choco Swiss Roll (With Egg),28
Britannia Roll Yo! Strawberry Swiss Roll,28
Britannia Sandwich White Bread,700
Britannia Tiger Krunch Biscuits,400
Britannia Toastea (Premium Bake Rusk),400
Britannia Toastea Premium Bake Rusk,1182
Britannia Treart Creme Wafers Chocolate,1
Britannia Treat Burst Choco Creme Fills,120
Britannia Treat Creme Wafers - Orange,60
Britannia Treat Creme Wafers - Vanilla,1
Britannia Treat Croissant Vanilla Creme Roll,94
Britannia Treat Jimjam Cream Biscuits ,100
Britannia Treat Jimjam Family Pack (Buy 4 Get 1 Free),500
Britannia Vita Marie Gold Biscuit,300
Britannnia 50-50 Sweet & Salty Biscuit,200
Broccoli,500
Cabbage ,1
Cadbury Chocobakes Choc Filled Cookies,150
Cadbury Chocobakes Chocolate Filled Cookies ,75
Cadbury Cocoa Powder,300
Cadbury Hot Chocolate,400
Cadbury Oreo Chocolatey Sandwich Biscuits Family Pack,300
"Cadbury Oreo Creme Biscuit - Vanilla, Original 120 g",120
Cadbury Oreo Dipped Biscuit,150
Cadbury Oreo Strawberry Bicuits,120
Cantina Beans Mexican Beans,2050
Cantina Tabasco Green Sauce,180
Cantina Tabasco Red Sauce,180
Cantina Tortilla Dip Sauce Sour Creamy Tex Mex,570
Capsicum,500
Capsicum Green ,250
Carrot,700
Catch Black Pepper Sprinkler,100
Cauliflower,1
Ceres Foods Fish Mustard Instant Liquid Masala,600
Ceres Foods Laal Maas Instant Liquid Masala,600
Ceres Foods Nalli Nihari Instant Liquid Masala,600
Chakaachak Deluxe Dustpan Grey,1
Chakaachak Dust Proof Broom,1
Chakaachak Dustpan Grey,1
Chakaachak Eazo Grass Broom New ,1
Chakaachak Floor Cleaning Pocha,1
Chakaachak Floor Pocha Large,1
Chakaachak Mega Star Toilet Brush,1
Chakaachak Mini Cloth Brush,1
Chakaachak Power Scrub (Pack of 2),2
Chakaachak Sponge Scrubber (Pack of 2),2
Chakaachak Super Scrub Pad (Pack of 3),3
Chakaachak Super Sponge Wipes (Pack of 3),3
Chakaachak Super Steel Scrubber,1
Chakaachak Super Strong Scrub,1
Chef's Basket Durum Wheat Elbow Pasta,2500
Chef's Basket Durum Wheat Fusilli Pasta,2500
Chef's Basket Durum Wheat Penne Pasta,2500
Cherry Blossom Liquid Shoe Polish Neutral ,75
Cherry Blossom Liquid Wax Polish,75
Cherry Blossom Liquid Wax Polish (Dark Tan),75
Cherry Blossom Wax Shoe Polish Black,40
Cherry Blossom Wax Shoe Polish Dark Tan,40
Chik Hairfall Prevent Egg Shampoo,680
Chilli Bhaji,250
Chilli Green ,100
Ching's Chicken Chilli Masala,60
Ching's Chow Mein Hakka Noodles Masala,100
Ching's Instant Hot and Sour Soup,165
Ching's Manchurian Instant Noodles,300
Ching's Paneer Chilli Masala,120
Ching's Red Chilli Sauce,600
Ching's Schezwan Fried Rice(Miracle Masala),120
Ching's Schezwan Masala Instant Noodles,1200
Ching's Secret  Noodles - Pad Thai Lemongras,390
Ching's Secret  Pad Thai Noodles Green Curry,390
Ching's Secret Asian Hot Instant Soup,45
Ching's Secret Chicken 65 Masala - Chicken,40
Ching's Secret Chilli Vinegar,510
Ching's Secret Chowmein Hakka Noodles Masala,300
Ching's Secret Green Chilli Sauce,3315
Ching's Secret Hot Garlic Instant Noodles,1440
Ching's Secret Instant Hot Garlic Noodles,300
"Ching's Secret Instant Noodles, Hot Garlic",1200
Ching's Secret Instant Schezwan Noodles,300
Ching's Secret Just Soak - Veg Hakka Noodles,2250
Ching's Secret Just Soak - Whole Wheat Veg Hakka Noodle,450
Ching's Secret Just Soak - Whole Wheat Veg Hakka Noodles,1800
Ching's Secret Lemon Coriander Instant Soup,45
Ching's Secret Manchow Instant Soup,45
Ching's Secret Manchow Noodles Instant Soup,60
Ching's Secret Manchow Soup,165
Ching's Secret Manchurian Instant Noodle,1440
Ching's Secret Manchurian Noodles,1080
Ching's Secret Mix Veg Instant Soup,45
Ching's Secret Noodles - Pad Thai Original,390
Ching's Secret Pad Thai Noodles - Extra Hot Thai Chilli,390
Ching's Secret Paneer Chilli Masala,40
Ching's Secret Red Chilli Sauce,1320
"Ching's Secret Sauce, Green Chilli",570
Ching's Secret Schezwan Fried Rice Masala,60
Ching's Secret Schezwan Instant Noodle,1440
Ching's Secret Singapore Curry Instant Noodles,180
Ching's Secret Sweet Corn Soup,165
Ching's Secret Tomato Instant Soup,45
Ching's Secret Tomato Oats Instant Soup,60
Ching's Secret Tomato Soup,165
Ching's Secret Veg Hakka Noodles,3000
Ching's Secret Veg Manchurian Masala,120
Ching's Singapore Curry Instant Noodles,1200
Ching's Veg Manchurian Masala,40
Chings Instant Soup - Hot & Sour,45
Chings Instant Soup - Sweet Corn Veg,45
Chings Secret Hot Garlic Instant Noodles,180
Chings Secret Manchurian Instant Noodle,720
Ching’s Secret Chowmein Hakka Noodles Masala ,300
Clean & Clear Foaming Face Wash,500
Clean & Clear Morning Energy Aqua Splash Face Wash,200
Clean & Clear Morning Energy Berry Face Wash,200
Clean & Clear Morning Energy Lemon Face Wash,200
Clean & Clear Pimple Clearing Face Wash,160
Clinic Plus Strength & Shine Shampoo With Egg Protein ,350
Clinic Plus Strong & Long Health Shampoo,1300
Closeup Everfresh+ Anti-Germ Gel Toothpaste Red Hot,1060
Clove Sensitive Toothpaste with Anti-Sensitivity & Fluoride Formulation,160
Coccinia,250
Coconut Big,1
Colgate Gentle Sensitive+ Toothbrush Pack Of 4,8
Colgate Herbal Toothpaste,400
Colgate Kids 0-2 Extra Soft Tooth Brush,2
Colgate Kids 2+ Years Extra Soft Toothbrush,2
"Colgate Kids Toothpaste - 6+ Years, Strawberry Flavour",160
Colgate Max Fresh Cooling Crystals Toothpaste,300
Colgate Max Fresh Peppermint Toothpaste ,600
Colgate Max Fresh Plax Mouthwash - Fresh Mint,500
Colgate Plax Peppermint Mouthwash,500
Colgate Sensitive Everyday Protection Anticavity Toothpaste,80
Colgate Sensitive Plus Anticavity Toothpaste ,140
Colgate Sensitive Plus Enamel Toothpaste Tube,320
Colgate Sensitive Soft Bristles Toothbrush,2
Colgate Slim Soft Charcoal Toothbrush,8
Colgate Toothpaste For Kids Motu Oatlu,160
Colgate Total 12 Whole Mouth Protection Toothpaste,240
Colgate Total Charcoal Anticavity Toothpaste,240
Colgate Visible White Toothpaste,200
Colgate Zig Zag Charcoal Medium Toothbrush 4 Pcs,8
Colgate Zig Zag Toothbrush,12
Colgate Zigzag Charcoal Soft Bristle Toothbrush - 4 Pcs,8
Colin Glass and Surface Cleaner Liquid Spray Regular,500
Colin Glass and Surface Cleaner Liquid Spray Regular,250
Colocasia ,500
Comfort After Wash Fabric Conditioner Lily Fresh ,860
Comfy Baby Pants XL 12-17 kg,48
Coriander Leaves,100
Cornitos Cornitos Taco Shells - 4 Inches,160
Cornitos Cornitos Taco Shells - 6 Inches,540
Cornitos Peanut - Premium Salted ,300
Curry Leaves,50
D'lecta Cheddar Cheese,400
D'lecta Cream Cheese,300
D'lecta Dairy Cream,800
D'lecta Natural Feta Cheese Block,200
D'lecta Shredded Mozzarella Cheese,280
Daawat Rozana Gold Basmati Rice,2
Daawat Rozana Super Basmati Rice,2
Daawat Super Basmati Rice,2
Dabur - Chyawanprash,25
Dabur 100% Pure Honey,800
Dabur 100% Pure Honey - Worlds No.1,2
Dabur Amla Hair Oil,360
Dabur Amla Juice,1
Dabur Ayurvedic Tulsi Drops (Immunity Booster),30
Dabur Chyawanprakash - Sugar Free,900
Dabur Chyawanprakash Sugar Free,500
Dabur Chyawanprash,1
Dabur Chyawanprash Immunity Booster,500
Dabur Ginger Garlic Paste,600
Dabur Gulabari Premium Rose Water,240
Dabur Gulabari Rose Glow Face Cleanse,200
Dabur Gulabari Rose Water Daily Glow,500
Dabur Hajmola Imli Digestive Tablets,120
Dabur Hajmola Maha Candy - Aam+Imli,130
Dabur Hajmola Pudina - Digestive Tablets,120
Dabur Hommade - Garlic Paste,400
Dabur Hommade - Ginger Garlic Past Tub,800
Dabur Hommade - Ginger Paste,400
Dabur Hommade - Imli Sauce Saunth,300
Dabur Hommade - Kalonji Tamatar Ki Chutney,600
Dabur Hommade - Rajasthan Ki Garlic Chutne,600
Dabur Hommade Tamarind Paste,1000
Dabur Honey ,1000
Dabur Honey - World's No.1,500
Dabur Honey Squeezy,450
Dabur Honitus Herbal Cough Remedy Ayurvedic Syrup,100
Dabur Keora water - Authentic flavour for Biryani's and Desserts,500
Dabur Meswak Toothpaste,600
Dabur Nature Care Isabgol - Double Action,100
Dabur Odomos Naturals Mosquito Repellant Gel,80
Dabur Regular Hajmola,120
Danish Butter Cookies,400
Del Monte Black Sliced Olives,1350
Del Monte Eggless Mayo,1500
Del Monte Green Chili Sauce,570
Del Monte Natural Vinegar ,540
Del Monte Original Blend Tomato Ketchup Pouch,2850
Del Monte Pitted Green Olives,1350
Del Monte Pizza & Pasta Sauce Spout Pack,1200
Del Monte Red Chili Sauce,570
Del Monte Schezwan Sauce,570
Delight Nuts Almond Natural ,400
Delight Nuts Berries Mix ,400
Delight Nuts Cashew Roasted & Salted,400
Delight Nuts Cranberries Sliced ,400
Delight Nuts Dried Blueberries ,300
Delight Nuts Dried Cranberries ,400
Delight Nuts Pista Roasted & Salted,400
Delight Nuts Trail Mix ,400
Dettol Antiseptic Disinfectant Liquid,250
Dettol Antiseptic Liquid,240
Dettol Antiseptic Liquid + Disinfectant Spray - Original,225
Dettol Clinical Strength Hand Sanitizer Liquid,1500
Dettol Effective Protection Antiseptic Liquid,500
Dettol Hand Sanitizer,600
Dettol Intense Cool Soap (B4G1),1250
Dettol Lather Shaving Cream,156
Dettol Liquid Handwash With Free Liquid,400
Dettol Original Germ Protection Alcohol Based Hand Sanitizer,150
Dettol Original Germ Protection Bathing Soap Bar,750
Dettol Original Liquid Handwash,400
Dettol Original Liquid Handwash Refill,1500
Dettol Original Soap (B4G1),1250
Dettol SKincare Handwash Value Refill,1500
Dettol Skincare Liquid Hand Wash,400
Dhara Filtered Groundnut Oil (Jar),20
Dhara Groundnut Oil (Pouch),2
Dhara Health Refined Sun Flower Oil Jar,10
Dhara Kachi Ghani Mustard Oil Jar,10
Dhara Life Refined Ricebran Oil (Pouch),2
Dhara Nourish Refined Sunflower Oil Pouch,2
Dlecta Cheese Block,400
Dlecta Cheese Cubes 2,400
Dlecta Natural Cheddar Slices,400
Dlicia Whip Topping Bottle,4
Domex Disinfectant Floor Cleaner,1
Dove Cream Beauty Bathing Bar,250
Dove Daily Shine Conditioner,520
Dove Daily Shine Shampoo,1980
Dove Dandruff Care Shampoo,360
Dove Dryness Care Conditioner Frizzy & Dry Hair,160
Dove Dryness Care Shampoo,680
Dove Hair Fall Rescue Conditioner,350
Dove Hair Fall Rescue Shampoo,1400
Dove Intense Repair Conditioner,160
Dove Pink Rosa Beauty Bathing Bar,200
Dove Pink Rosa Beauty Bathinhg Bar,200
Dr Oetker Cucumber & Carrot Sandwich Spread Veg,750
Dragon Fruit Imported,1
Dukes Nibbles - Ranch Crackers,150
Dukes Sour & Cream Onion Nibbles Baked,150
Dukes Waffy Chocolate Wafer Rolls ,250
Dukes Waffy Chocolate Wafers,75
Dukes Waffy Orange Wafers,75
Dukes Waffy Strawberry Roll,250
Dukes Waffy Strawberry Wafers,75
Durex Air Ultra Thin Condom,10
Durex Air Ultra Thin Condoms,3
Durex Condoms Mutual Climax,3
Durex Extra Dots Condoms,10
Durex Extra Ribbed Condoms,10
Durex Extra Thin Bubblegum Condom,10
Durex Extra Thin Condoms,10
Durex Extra Time Condoms,10
Durex Mutual Climax Condoms,10
Eastern Chicken Masala,300
Eastern Cumin Powder,200
Eastern Fish Masala,300
Eastern Super Garam Masala,400
Eastern Tamarind,400
Engage Deo Frost,300
"Engage Drizzle Deodorant For Women, Floral And Lavender, Skin Friendly",300
Engage M1 Perfume Spray for Men ,240
Engage M2 Perfume Spray For Men,240
Engage M3 Perfume Spray for Men,240
Engage M4 Perfume Spray For Men,240
Engage Man Rush Deodorant,300
Engage Mate For Man Deo Spray,300
Engage Rush Deodorant For Men,300
"Engage Urge Deodorant For Men, Citrus And Woody, Skin Friendly",300
Engage Woman Blush Body Deo Spray,300
"Eno Cooling Sachets - Cool Mint, 6 Pieces Carton",5
Eno Fruit Salt Lemon Flavour Energy Powder,100
Eno Regular Fruit Salt Energy Powder,100
Epicurea Sushi Rice,1000
Epicurea Thai Jasmine Rice,1000
Epigamia Almond Milk Unsweetened Dairy Free,2
Epigamia Fruit Yogurt Alphonso Mango,75
Epigamia Fruit Yogurt Strawberry,75
Epigamia Fruit Yogurt Vanilla,75
Epigamia Greek Yogurt - Natural,800
Epigamia Misti Doi,170
Epigamia Natural Greek Yogurt,180
Eveready 1012 Carbon Zinc AAA Battery,10
Eveready AA pack of 10 ,10
Eveready Base B22 9-Watt LED Bulb,1
Eveready Ultima Alkaline AA Cell Battery-6 Pc Pack,6
Eveready Ultima Alkaline Battery AAA,2
Everest Amchur Powder,100
Everest Black Pepper Powder,200
Everest Chaat Masala,100
Everest Chat Masala,200
Everest Chicken Masala,700
Everest Chole Masala,100
Everest Coriander Powder,600
Everest Cumin Powder (Jeera),100
Everest Dry Ginger Powder,200
Everest Dry Mango Powder,200
Everest Garam Masala,700
Everest Hingraj Powder,100
Everest Kashmiri Lal Chilli Powder,1000
Everest Kasuri Methi,50
Everest Kesari Milk Masala,140
Everest Kitchen King Masala,700
Everest Meat Masala Powder,300
Everest Pani Puri Masala,100
Everest Pav Bhaji Masala,300
Everest Powder - Egg Curry Masala,150
Everest Powder - Tea Masala,200
Everest Rajma Masala,100
Everest Sabji Masala,100
Everest Saffron Kesar,0
Everest Sambhar Masala,100
Everest Shahi Biryani Masala,500
Everest Shahi Paneer Masala,100
Everest Tandoori Chicken Masala,450
Everest Tea Masala,100
Everest Tikhalal Chilli Powder,1000
Everest Tikhalal Hot & Red Chilly Powder,200
Everest Turmeric Powder,400
Fem Fairness Natural Gold Skin Bleach,128
Fem Fairness Naturals Gold Skin Bleach,48
Fem Fairness Naturals Hair Removal Cream Fair & Soft - Gold,80
Fem Fairness Naturals Hair Removal Cream Fair & Soft - Rose,80
Fem Fairness Naturals Saffron Skin Bleach,128
Ferrero Nutella Hazelnut Spread,540
Ferrero Nutella Hazeulnut Spread,1050
Fevicol Mr.Original General Purpose White Glue ,100
Fevistik Super Glue Stick,15
Fiama Di Wills Lemongrass & Jojoba Gel Bar,750
Fiama Di Wills Men's Refreshing Pulse Shower Gel,500
Fiama Di Wills Shower Gel Patchouli & Macadamia,500
Fiama Fresh Hand Wash,800
Fiama Gel Bar Celebration Pack Buy 4 Get 1 Free,1250
Fiama Lemongrass and Jojoba Shower Gel,500
Fiama Men's Refreshing Pulse Shower Gel,1000
Fiama Menthol & Magnolia Cooling Gel Bar Soap,750
Fiama Peach & Avocado Gel Bar,750
Fiama Scents Juniper & Geranium Body Wash,500
Figaro Pitted Black Olive ,1350
Figaro Plain Green Olive ,1350
Figaro Pure Olive Oil,400
Figaro Sliced Black Olive ,1350
Fine Life Cotton Balls,150
Flying Bird Butter Scotch Essence,40
Flying Bird Food Essence - Kewra,40
Flying Bird Pineapple Artifical Food Essence,40
Flying Bird Premium Orange Artificial Food Essence,40
Flying Bird Vanilla Essence,40
Fogg Master - Royal Intense,240
Fogg Paradise Fragrant Body Spray For Women ,300
Fogg Royal Fragrance Spray,240
Fortune Besan Flour,2
Fortune Biriyani Special Basmati Rice,2
Fortune Kachi Ghani Mustard Oil Bottle,2
Fortune Rice Bran (Pouch),2
Fortune Rice Bran Health Oil (Jar),10
Fortune Rozana Basmati Rice,10
Fortune Soya Health Refined Soybean Oil,2
Fortune Soyabean Oil,12
Fortune Sunlite Refined Sunflower (Jar),10
Fortune Sunlite Refined Sunflower (Pouch),2
Fresh Chicken Boneless Cubes (Halal),500
Fresh Chicken Curry Cut - Skinless (Halal),500
Fresh Chicken Mince - Kheema (Halal),500
Fresh Chicken Whole Leg - Skinless (Halal),500
Fresh Mutton Curry Cut Cubes (Halal),500
Fresh Mutton Mince - Kheema (Halal),500
Funfoods Peanut Butter Creamy,2000
Funfoods Peanut Butter Crunchy,2000
Gala Cloth Poccha/Mop,1
Gala Double Hockey Toilet Brush,1
Gala EzeeSqueegee Wiper,1
Gala Iron Bull Scrub Pad,3
Gala Microfiber Magic Cloth 2-In-1,1
Gala Microfiber Multipurpose Cloth,1
Gala No Dust Broom,1
Gala Scrubber Cleaner Home Everyday Scrub,1
Gala Scrubber Pad,5
Garlic,200
Garlic Indian ,100
"Garnier Color Naturals Crème Hair Color, Shade 5 Light Brown",200
Garnier Colour Naturals Hair Colour - 1 Natural Black,120
"Garnier Skin Naturals, Micellar Cleansing Water",250
Gellette Presto Ready Shaver,2
Genteel Liquid Detegrent,2
Gillete Mach3 ,4
Gillette Classic Regular Pre Shave Foam,392
Gillette Lemon Lime Shaving Foam,392
Gillette Mach 3 Mens Razor Blades,8
Gillette Mach 3 Start,4
Gillette Mach 3 Turbo Cartridges,8
Gillette Mach 3 Turbo Razor,2
Gillette Pre Shave Foam - Classic Regular Skin,836
Gillette Presto Ready Shaver 5 Cartridges ,10
Gillette Sensitive Shaving Foam,836
Gillette Venus Close & Clean Razor ,3
Ginger,200
Gits Dessert Mix China Grass Bombay Halwa,160
Gits Gulab Jamun Instant Dessert Mix,400
Gits Jalebi with Maker Dessert Mix,200
Gits Khaman Dhokla Instant Snack Mix,360
Gits Medu Vada Instant Snack Mix,400
Gits Pav Bhaji Ready to Eat,900
Gits Rice Dosa Instant Breakfast Mix,400
Gits Veg Biryani Ready to Eat,530
Glow & Lovely Advanced Multivitamin Face Cream,220
Go Cheese  Spread Plain,1000
Go Cheese Pizza Blend Mozzarella + Cheddar,400
Go Cheese Processed Angles Plain,320
Go Cheese Processed Block,800
Go Cheese Processed Squares,400
Go Cheese Slice - Plain,400
Go Cheese Spread - Four Pepper (Soft & Creamy),1000
Go Cheese Spread - Garlic,1000
Go Pizza Cheese,400
Go Processed Cheese Block,400
Godrej Aer Morning Misty Meadows Home Air Freshener,240
"Godrej Aer Pocket, Bathroom Air Fragrance - Assorted Pack Of 3",30
Godrej Aer Power Pocket - Long Lasting Bathroom Fragrance Floral Delight,20
Godrej Aer Power Pocket - Long Lasting Bathroom Fragrance Lavender Bloom,10
Godrej Aer Power Pocket Berry Rush,10
Godrej Aer Spray Fresh Lush Green,240
Godrej Cinthol Lime Refreshing Deo Soap,800
Godrej Cinthol Lime Talc,200
Godrej Easy 5 Minute Natural Brown 4 Hair Colour,40
Godrej Easy Natural Black Hair Colour,40
Godrej Expert Creme Hair Natural Brown Colour ,40
"Godrej Expert Rich Crème, Burgundy",40
"Godrej Expert Rich Crème, Dark Brown",40
"Godrej Expert Rich Crème, Natural Black",40
Godrej Ezee Liquid Detergent,1
Godrej Good Night Gold Flash Liquid Vapouriser,60
Godrej No.1 Bathing Soap – Lime & Aloe Vera,1400
"Godrej No.1 Bathing Soap, Jasmine",200
Godrej Nupur Henna,240
Godrej Nupur – 100% Pure Henna (Mehendi),36
Godrej Protekt,1500
Godrej Protekt Germ Fighter Handwash,1500
Godrej Real Good Chicken Boneless Cubes ,450
Godrej Real Good Chicken Breast Boneless,450
Godrej Real Good Chicken Curry Cut,500
Godrej Real Good Chicken Drumstick ,500
Godrej Real Good Chicken Kheema,450
Godrej Real Good Chicken Leg Boneless,450
Godrej Real Good Chicken Legs ,2
Godrej Real Good Chicken Liver Sealed ,200
Godrej Real Good Chicken Lollypop,10
Godrej Real Good Chicken Marinated Lollipop ,10
Godrej Real Good Chicken Whole Pre-Cut,1
Godrej Real Good Marinated Hot & Grill Chicken,450
Godrej Yummiez Cheese Corn Nuggets ,1200
Godrej Yummiez Chicken Breakfast Salami,1500
Godrej Yummiez Chicken Lucknowi Seekh Kebab,1600
Godrej Yummiez Chicken Nuggets,3000
Godrej Yummiez Chicken Punjabi Tikka ,2160
Godrej Yummiez Chilli Chicken Sausages ,1500
Good Day Butter Cookies,75
Good Knight Fabric Personal Mosquito Repellent Roll On,8
Gowardhan Classic Block Fresh Paneer,400
Gowardhan Cow Ghee Pouch,2
Gowardhan Ghee Jar,2
Gowardhan Ghee/Tuppa Jar,1000
Gowardhan Pure Ghee Pouch,1000
Guava,4
Guava Thai,2
HImalaya Gentle Baby Wipes,144
Hajmola Anardana Digestive Tablets,180
Hamam Soap Bar Neem Tulsi and Aloe Vera,300
Happilo Premium 100% Natural Whole Cashews,400
Happilo Premium Afghani Anjeer,400
Happilo Premium International Queen Kalmi Dates,400
Harpic Disinfectant Bathroom Cleaner Liquid Lemon,1
"Harpic Disinfectant Toilet Cleaner Liquid, Original - 1 L",1
Harpic Flushmatic In-Cistern Toilet Cleaner Blocks Marine,100
Harpic Germ & Stain Blaster Disinfectant Toilet Cleaner Floral,750
Harpic Hygienic Toilet Cleaner Rim Block Citrus,26
Harpic Hygienic Toilet Cleaner Rim Block Jasmine,26
Harpic Lemon Bathroom Cleaner ,500
Harpic Power Fresh 6 Toilet Cleaner Rim Block Floral Delight,35
Harpic Power Fresh 6 Toilet Cleaner Rim Block Marine Splash,35
Head & Shoulders 2 In 1 Anti Dandruff Shampoo Conditioner ,360
Head & Shoulders 2 In 1 Anti Dandruff Smooth & Silky Shampoo+Conditioner,680
Head & Shoulders 2-in-1 Active Protect Shampoo,680
Head & Shoulders 2-in-1 Cool Menthol Anti Dandruff Shampoo + Conditioner,360
Head & Shoulders Anti Dandruff Anti Hairfall Shampoo,480
Head & Shoulders Anti Dandruff Shampoo Cool Menthol,680
Head & Shoulders Anti-Dandruff Smooth & Silky Shampoo,1040
"Head & Shoulders Shampoo + Conditioner - 2-In-1, Cool Menthol",680
Head & shoulders Anti Dandruff Shampoo Cool Menthol,360
Hem Mantra Masala Agarbatti,50
Hershey's Caramel Syrup,1246
Hershey's Chocolate Flavour Syrup,1360
Hershey's Chocolate Milk Booster,900
Hershey's Chocolate Syrup,400
Hershey's Cocoa + Almond Spread,1050
Hershey's Cocoa - Natural Unsweetened,450
Hershey's Cocoa Powder,140
Hershey's Cocoa Spread,1050
Hershey's Hot Chocolate Powder,500
Hershey's Syrup Delicious Strawberry,400
Hersheys Chocolate Almond Syrup,900
Himalaya Anti Dandruff Shampoo,1600
Himalaya Anti Hair Fall Shampoo,1800
Himalaya Anti-Hair Fall Shampoo,800
Himalaya Baby Lotion,1200
Himalaya Baby Nourishing Massage Oil,500
Himalaya Baby Powder,1000
Himalaya Cold Balm,45
Himalaya Diaper Rash Cream,40
Himalaya Gentle Baby Bath,400
Himalaya Gentle Baby Shampoo,1200
Himalaya Men Pimple Clear Neem Face Wash,200
Himalaya Moisturising Aloe Vera Facial Wipes,50
Himalaya Prickly Heat Baby Powder,200
Himalaya Purifying Neem Face Wash,300
Himalaya Purifying Neem Face Wash Tube,600
Hit Cockroach Killer Spray ,200
Hit Flower Lime Fragrance Insect Killer Spray,400
Hit Lime Fresh Flying Insect Killer,385
Horlicks Protein Plus Chocolate,200
ITC Master Chef Butter Chicken,160
ITC Master Chef Cheesy Corn Triangles,960
ITC Master Chef Chicken Galouti Kebab,630
ITC Master Chef Chicken Seekh Kabab,1500
ITC Master Chef Classic Aloo Tikki,960
ITC Master Chef Crispy Chicken Fries ,840
ITC Master Chef Hyderabadi Biryani,160
ITC Master Chef Lebanese Falafel Kebab,690
ITC Master Chef Vegetable Biryani Cooking Paste,160
ITC Master Chef Veggie Pizza Pocket,1020
India Gate Basmati Rice,2
Indulekha Bhringa Hair Oil,200
Iodex Body Pain Expert ,8
Japanese Choice Udon Noodles,1250
Jivana Jaggery,1900
Johnson's Baby Cream,200
Johnson's Baby Lotion,200
Johnson's Baby No More Tears Baby Shampoo,200
Johnson's Baby Oil,600
Johnson's Baby Powder,1200
Johnson's Baby Shampoo,400
Johnson's Baby Skincare Wipes,184
Johnson's Baby Soap,500
Johnson's Baby Top To Toe Bath Body Wash,420
Kapiva Thar Aloe Vera Juice,1
Kapiva Wild Amla Juice,1
Kapiva Wild Tulsi Giloy Juice |,1
Karachi Bakery Cashew Biscuits ,400
Kellogg's All Bran Wheat Flakes,1275
Kellogg's Almonds And Cranberries Granola,1380
Kellogg's Chocos,2850
Kellogg's Chocos Combo Pack,468
Kellogg's Corn Flakes,3
Kellogg's Crunchy Bites Chocos,1125
Kellogg's Crunchy Fruit & Nut Breakfast Cereals Muesli,2250
Kellogg's Crunchy Granola Chocolate & Almonds,1350
"Kellogg's Crunchy Granola Honey, Almonds, Strawberries & Pumpkin Seeds",1350
Kellogg's Muesli 20% Nuts Delight,1500
Kellogg's Muesli Nuts Delight,2250
Kellogg's No Added Sugar Muesli,1500
Kellogg's Original Corn Flakes,4050
Kellogg's Real Almond & Honey Corn Flakes,2853
Kellogg's Real Honey Corn Flakes,1890
Kellogg's Special K Original Corn Flakes,3570
Kelloggs Chocos,1155
Kelloggs Chocos - Moons & Stars,3
Kelloggs Chocos Fills Double Chocolat,525
Kelloggs Chocos Fills Double Chocolaty,750
Kelloggs Chocos Moon & Stars,2040
Kelloggs Corn Flakes,750
Kelloggs Corn Flakes With Real Strawberry Pure,1725
Kelloggs Muesli - With 22% Fruit Magic,1500
Kelloggs Special K,1305
Kellogg’s Chocos Protein And Fibre Of 1 Roti,3
Keya Italian Pizza Oregano,160
Keya Italian Seasoning,70
Keya Oregano,18
Keya Piri Piri | Exotic Spices Mix,160
Keya Pizza Seasoning,90
Keya Wonder Red Hot Chilli Flakes,80
Kissan Mixed Fruit Jam ,1500
Kissan Pineapple Jam,1500
Kitchen Of India Ready-To-Eat Pindi Channa,855
Kitchens Of India Chicken Chettinad,855
Kitchens Of India Chicken Darbari ,855
Kitchens Of India Dal Makhani,855
Kitchens Of India Mughlai Paneer,855
Kitchens Of India Murgh Methi,855
Kitchens Of India Mutter Paneer,570
Kitchens Of India Palak Paneer,855
Kitchens Of India Rajma Masala,855
Kitchens Of India Yellow Dal Tadka,855
Kitchens of India Dal Bukhara Gravy Mix,1425
Kitchens of India Dal Makhani,855
Kitchens of India Mutter Paneer Mix,1425
Kiwi Dranex Drain Cleaner,6
Knorr Chinese Hot And Sour Veg Soup,129
"Knorr Classic Tomato Soup With 100% Real Vegetabls, No Added Preservatives",159
Knorr International Mexican Tomato Corn Soup ,156
Knorr Sweet Corn Chicken Soup,126
"Kurkure Green Chutney, Rajasthani Style",270
L'Oreal 6 Oil Nourish Conditioner,384
L'Oreal Anti Hair Fall Conditioner,384
L'Oreal Casting Creme Ebony Black Hair Color,174
L'Oreal Paris Casting Creme Gloss Hair Color (Dark Brown 400),318
"L'Oreal Paris Casting Creme Gloss Hair Color, Medium Brown 500",318
L'Oreal Paris Color Protect Conditioner,384
L'Oreal Paris Color Protect Shampoo,720
L'Oreal Paris Dream Lengths Conditioner,772
L'Oreal Paris Dream Lengths Shampoo,384
"L'Oreal Paris Excellence Creme Hair Color, 1 Black",344
"L'Oreal Paris Excellence Creme Hair Color, 3 Dark Brown/Natural Darkest Brown",344
"L'Oreal Paris Excellence Creme Hair Color, 3.16 Burgundy",344
"L'Oreal Paris Excellence Creme Hair Color, 4 Natural Brown/Natural Dark Brown",344
"L'Oreal Paris Excellence Creme Hair Color, 4.25 Aishwarya's Brown",344
L'Oreal Paris Shine Masque Royal Jelly Hair Colour,174
L'Oreal Paris Total Repair 5 Conditioner,360
L'Oreal Paris Total Repair 5 Shampoo,720
Ladies Finger ,250
Lakme Sun Expert,120
Laughing Cow Cheese 8 Portion 120Gm Imported,240
Lemon,200
Lettuce Green,100
Lettuce Iceberg,250
Lettuce Red,100
Lifebuoy Germ Protection Care Soap Bar,250
Lijjat Garlic Papad,600
Lijjat Moong Papad,600
Lijjat Udad Mini Papad,600
Lijjat Urad Papad,600
Listerine Cool Mint Mouthwash - Mild Taste,1000
Listerine Fresh Burst Mouthwash,1500
Listerine Original Mouthwash,660
Livon Anti-Frizz Serum,200
Lizol Disinfectant Surface & Floor Cleaner Liquid Citrus,975
Lizol Disinfectant Surface & Floor Cleaner Liquid Floral,1475
Lizol Disinfectant Surface & Floor Cleaner Liquid Jasmine,500
Lizol Disinfectant Surface & Floor Cleaner Liquid Pine,975
Lizol Double Concentrate Disinfectant Floor Cleaner Citrus,901
Lizol Double Concentrate Disinfectant Floor Cleaner Lavender,900
Lotte Choco Pie ,516
Lotte Choco Pie Chocolate Cake,56
Lotte Choco Pie Cocoa Pie,168
Lux International Creamy White Soap Bar,400
MTR 3 Min Poha,300
MTR 3 Minute Breakfast - Magic Masala Upma,180
MTR Breakfast Khatta Meetha Poha Mix,300
MTR Dal Fry,900
MTR Dal Makhani,900
MTR Idli/Dosa/Chilly Chutney Powder,400
MTR Instant Gulab Jamun Mix,1000
MTR Masala - Sambar Powder,400
MTR Paneer Butter Masala & Veg Pulao,1125
MTR Ready To Eat Palak Paneer ,900
MTR Ready To Eat Paneer Butter Masala,900
MTR Ready to Eat Pav Bhaji,900
MTR Roasted Vermicelli ,3750
MTR Seviyan Vermicelli ,1200
MTR Upma,480
MTR Uttapam Mix,1000
MTR Vada Breakfast,1000
MTR Vegetable Upma,180
MTR Vermicelli Payasam,540
Madhur Pure And Hygienic Sugar,10
Madhur Sugar,2
Maggi 2 Minute Masala Noodles,350
Maggi 2-Minute Instant Noodles - Masala,1400
Maggi Chilly Chow Cuppa Noodles,350
Maggi Coconut Milkpowder,200
Maggi Ghee Tadka Upma Express Pouch,195
Maggi Hot & Sweet - Tomato Chilli Sauce,3
Maggi Hot & Sweet Tomato Chilli Sauce,1500
Maggi Imli Sauce Pichkoo,270
Maggi Magic Cubes Chicken,120
Maggi Magic Cubes Extra Chicken,1056
Maggi Masala Ae Magic,144
Maggi Rich Tomato Ketchup,1500
Maggi Special Masala Spicy Yummy Noodles,1400
Mamaearth 100% Natural Berry Blast Kids Toothpaste,100
Mamaearth Daily Moisturizing Lotion For Babies,400
Mamaearth Deeply Nourishing wash for Babies,400
Mamaearth Moisturizing Baby Bath Soap,300
Mamaearth Onion Hair Oil,300
Mamaearth Skin Correct Face Serum,60
Mamaearth Ubtan Body Lotion,800
Mamaearth Ubtan Face Scrub Turmeric & Walnut,200
Mamaearth Vitamin C Face Toner,400
"MamyPoko Pants Extra Absorb Diapers, New Born",56
"MamyPoko Pants Standard Diapers, Extra Large (12 - 17 kg)",52
Mangalam Camphor,50
Mangalam Camphor Tablet Jar,100
Mangaldeep Rose Puja Agarbatti ,120
Mango Raw,500
Masala Oats Masala & Coriander ,2500
Maybelline New York Colossal Kajal Black,0
Maybelline New York Colossal Kajal Super Black,0
McCain Aloo Tikki,1200
McCain Chilli Cheesy Nuggets,750
McCain Chilli Garlic Potato Bites Crunchy Potato Nuggets,1260
McCain Crazy Fries Masala MixHot 'n' Tangy,1200
McCain French Fries,1260
McCain French Fries Crisp & Delicious,2250
McCain Herb & Garlic Crazy Fries Masala Mix ,1200
McCain Masala - Fries,1125
McCain New Mini Samosa with Cheese Corn Style Filling,1200
McCain New Mini Samosa with Cheese Pizza Style Filling,1200
McCain Potato Cheese Shotz,750
McCain Smiles - Pudina Chatka,1125
McCain Smiles Cripsy Happy Potatoes,1245
McCain Super Wedges,1200
McCain Veggie Burger Patty,1080
McCain Veggie Fingers,1200
McVitie's Butter Cookies,200
McVitie's Marie biscuits with Goodness of Calcium,250
McVitie's Oat Cookies,120
Mccain Emotibites - Crispy Happy Potato Snack,1245
Methi,250
Mint Leaves ,100
Mixed Sprouts,200
Moi Soi  Black Bean Sauce - Dip Spread Stir Fry & Marinade,525
Moi Soi Kung Pao Sauce - For Stir Fry Marinade Spread & Dip,525
Moi Soi Manchurian Sauce - For Stir Fry Marinade Spread & Dip,525
Moi Soi Sichuan Chilli Oil- For Stir Fry Marinade Spread & Dip,525
Moong Sprouts,200
Moov Cream Regular,10
Moov Fast Pain Relief Cream,50
Moov Pain Releiver Spray,80
Moov Pain Relief Specialist,15
Moov Pain Relief Specialist Spray,35
"Mortein Cockroach Killer Spray, Crawling insect killer with Deep-Reach Nozzle",425
Mortein Dual All Insect Killer Spray,600
Mortein PowerGard Rat Kill Cake,100
Mother Dairy Classic Curd,800
Mother Dairy Toned Milk Pouch,1000
Mother Dairy Ultra Full Cream Milk,1000
Mother's Recipe Bhel Puri Chutney,600
Mother's Recipe Ginger And Garlic Paste,600
Mother's Recipe Gujrati Gorkeri Pickle,1500
Mother's Recipe Lime Pickle ,1200
Mother's Recipe Madras Appalam,300
Mother's Recipe Mango Pickle ,1200
Mother's Recipe Mixed Pickle,900
Mother's Recipe Mixed Pickle ,1200
Mother's Recipe Paste Ginger & Garlic,600
Mother's Recipe Pickle - Mango,3000
Mother's Recipe Pickle - Mixed,1500
Mother's Recipe Pickle - Red Stuffed Chilli,1200
Mother's Recipe Potato Papad,225
Mother's Recipe Punjabi Teekha Mang Pickle,1200
Mother's Recipe Tamarind Paste,2000
Mothers Recipe Papad - Sabudana With Rock Salt,210
Mothers Recipe Papad Chana Masala,400
Mothers Recipe Rice Papad Ajwain,225
Mothers Recipe Tamrind Date Chutney ,600
Mr Muscle Dranex Drain Cleaner Kiwi,375
Muskmelon,1
Nestle A+ Actiplus Probiotic Dahi Plain Curd,1200
Nestle A+ Nourish Dahi,1200
Nestle A+ Slim Dahi - Low Fat,800
Nestle A+ Slim Milk,2
Nestle Ceregrow Multigrain Cereal with Milk and Fruits - 3 to 6 years,900
Nestle Cerelac 5 Grains & Fruits Cereal,900
Nestle Cerelac Baby Cereal With Milk Wheat-Rice Mixed Fruit,900
Nestle Cerelac Baby Cereal with Milk 5 Grains & Vegetables from 18 to 24 Month,900
Nestle Cerelac Wheat - Stage 1,900
Nestle Everyday Dairy Whitener,1600
Nestle Lactogen Stage 2 Follow-up Formula Powder,1200
Nestle Milkmaid,800
Nestle Nan Pro 4 Follow Up Formula Powder For Older Infants ,1200
Nestle Nestle Nan Pro Follow-Up Formula,1200
Nestlé CERELAC Baby Cereal with Milk,900
Neutrogena Deep Clean Facial Cleanser,100
Neutrogena Deep Clean Foaming Cleanser,100
Neutrogena Ultra Sheer Dry Touch SPF 50+ Sunblock Sunscreen Lotion,60
"New Kellogg's Muesli with 21% Fruit, Nut & Seeds",1500
Nimyle Lemongrass Floor Cleaner,975
Nissin Cup Noodles Tangy Tomato,350
Nivea Body Lotion Aloe Hydration For Normal Skin ,400
Nivea Body Milk Lotion for Very Dry Skin,800
Nivea Body Shea Smooth with Shea Butter for Dry Skin,18
Nivea Cocoa Nourish Body Lotion With Coconut Oil & Cocoa Butter For Very Dry Skin ,400
Nivea Creme All Season Multi-Purpose Cream ,200
"Nivea Creme, All Season Multi-Purpose Cream",200
Nivea Lip Balm Original Care for 24h Moisture with Shea Butter & Natural Oils,8
Nivea Lip Balm Soft Rose for 24h Moisture with Natural Oils Delicate Rose Shine,8
Nivea Men Active Clean with Active Charcoal Shower Gel for Body Face & Hair,500
Nivea Men Deodorant Fresh Active 48h Long lasting Freshness,300
Nivea Soft Light Moisturizer for Face Hand & Body Non-Sticky Cream with Vitamin E & Jojoba Oil,1000
Nivea Soft Light Moisturizer for Face Hand & Body Non-Sticky Cream with Vitamin E & Jojoba Oil ,200
Nivea Soft Light Moisturizing Cream,200
Nivea Soft Moisturizing Cream,400
Nivea Women Deodorant Fresh Natural Long Lasting Freshness & 48h Protection,300
Nupur Heena Mehandi,1000
Nycil Germ Expert Cool Herbal Talc,400
Odomos Mosquito Repellent Cream,25
Odomos Mosquito Repellent Cream ,50
Odomos Mosquito Repellent Spray,100
Odomos lotion - Mosquito Repellent,120
Odonil Air Fresher Buy 3 Get 1 Free,300
Odonil Air Freshner Lavender Meadows,75
Odonil Room Air Freshener Spray - Lavender Mist,137
Odonil Room Air Freshener Spray Lavender Mist,240
Odonil Room Spray Air Freshener Citrus Fres,137
Odonil Zipper Blissful Citrus,10
Old Spice After Shave Lotion Musk,200
Old Spice Lime Lather Shaving Cream,140
Old Spice Original After Shave Lotion,300
Old Spice Original Lather Shaving Cream,140
Oleev Active Oil (Pouch),2
"Oleev Smart Oil Fortified with VIT A, D, E & K (Pouch)",2
Om Bhakti - Pancha Deepa Oil ,1
Om Bhakti Camphor Big,40
Om Bhakti Camphor Small,25
Om Bhakti Cow Dung Cakes ,5
Om Bhakti Gangajal Packed At Gangotri,220
Om Bhakti Haldi ,15
Om Bhakti Kumkum ,15
Om Bhakti Wick for Diya - Cotton Flower Batti ,60
Om Bhakti Wick for Diya - Cotton Long Batti ,125
Om Bhakti Wick for Diya - Ghee Cotton Wicks Big ,30
Om Bhakti Wick for Diya - Ghee Cotton Wicks Small ,30
Om Bhakti Wick for Diya - Vanaspati Ghee Cotton Wicks Small ,30
On1y Black Salt Grinder,200
On1y Mixed Herbs,28
On1y Pasta Seasoning,60
On1y Pepper Grinder,100
On1y Pizza Seasoning,56
On1y Salad Seasoning Grinder,90
On1y Sea Salt Grinder,200
Onion,4
Open Secret Assorted Story Box,75
Open Secret Choco Almond Story Box,75
Open Secret Choco Almond Tiffin Pack,25
Open Secret Peanut Butter Story Box,75
Open Secret White Choco Story Box,75
Open Secret White Choco Tiffin Pack,25
Oral-B Charcoal Cross Cross Extra Soft Toothbrush (Buy 2 Get 1 Free),6
Oral-B Charcoal Deep Clean Stain Removal Toothbrush Medium,8
Oral-B Charcoal Deep Clean Stain Removal Toothbrush Soft,8
Oral-B Criss Cross Medium Toothbrush (Buy 2 Get 2 Free),8
Oral-B Extra Soft Bristles Sensitive ,8
Orange,2
Orange Nagpur,4
Organic India Apple Cider Vinegar,1500
Organic India Brahmi Bottle,60
Organic India Organic Chyawanprash,500
Organic India Sugar Balance 60 Capsules Bottle,60
Organic India Wheat Grass,100
Origami Aloe Vera Wipes,50
Origami Cups Plain 100 units,100
Origami Disposable Spoons,20
Origami Good Karma Paper Serviettes ,50
Origami Good Karma Toilet Roll,1
Origami Kitchen Towels 2 In 1 Quilted 2ply,2
Origami Kitchen Towels 4 in 1 60 Pulls 2 Ply,1
Origami Luxuria Kitchen Towel 300 Pulls Single,1
Origami Non-Woven Kitchen Towel,80
Origami Paper Party Plates,50
Origami Paper Plates,50
Origami Plates Plain,100
Origami So Soft Tissue Roll 3 Ply,12
Origami So Soft Tissue Roll Single - 340 Pulls 3 Ply,1
Orion Choco Pie - Chocolate Coated Soft Biscuit,336
Oxi Green Dish Wash Liquid - Lemon,500
Oxi Green Floor Cleaner - Citrus ,1
Oxi Green Floor Cleaner - Floral,1
Oxi Green Max Force Green Concentrate,500
Oxi Green Phenyl - Pine ,1
Oxi Green Phenyl Concentrate,1
Oxylife Natural Radiance 5 Creme Bleach - With Active Oxygen,54
Palmolive Aroma Absolute Relax Shower Gel,500
Palmolive Black Orchid And Milk Liquid Hand Wash,500
Palmolive Feel The Massage Shower Gel,500
Palmolive Naturals Sea Minerals Liquid Hand Wash,500
Pampers Active Baby Diapers New Born Extra Small,48
Pampers Active Baby Diapers New Born Extra Small ,144
Pampers All Round Protection Pants - Medium,100
Pampers Pants - Large,164
Pampers Pants - Medium,100
Pampers Premium Care New Baby Pants,48
Pampers Premium Care Pants - Large,88
Pampers Premium Care Pants - Medium,108
Pantai Chilli Garlic Sauce,600
Pantai Coconut Cream,1600
Pantai Coconut Milk,1600
Pantai Dark Soy Sauce,600
Pantai Fish Sauce,600
Pantai Green Curry Paste,492
Pantai Hot Chilli Sauce,600
Pantai Light Soy Sauce,600
Pantai Oyster Sauce,600
Pantai Pad Thai Sauce (Non-Veg),600
Pantai Red Curry Paste,492
Pantai Spring Roll Sauce,600
Pantai Sriracha Green Chilli Sauce,600
Pantai Sriracha Red Chilli Sauce,600
Pantai Sriracha Yellow Chilli Sauce,600
Pantai Sweet Chilli Sauce,600
Pantai Teriyaki Sauce with Garlic,600
Pantene Adv Hairfall Solution Conditioner Silky Smooth,400
Pantene Advanced Control Hair Fall Solution Shampoo,360
Pantene Advanced Hair Fall Solution Shampoo - Total Damage Care,1040
Pantene Advanced Hair Fall Solution Silky Smooth Care Shampoo,360
Pantene Hair Fall Control Shampoo,680
Pantene Hairfall Control Conditioner,400
Pantene Silky Smooth Care Shampoo,680
Pantene Total Damage Care Shampoo,360
Papaya,1
Papaya Cut,200
Parachute 100% Pure Coconut Oil,600
Parachute Advansed Gold Coconut Hair Oil,800
Parachute Jasmine Hair Oil,380
Parachute Oil ,200
Park Avenue Beer Shampoo ,360
Parle Fab Bourbon,150
Parle Fab! Jam-In Cream Filled ,150
Parle Fab!o Vanilla Creme Sandwich Biscuit,120
Parle Hide & Seek Choco Rolls,315
Parle Hide & Seek Cookies With Added Almonds,100
Parle Milano Mixed Berries Cookies,75
Parle Monaco Classic Salty Biscuits,400
Parle Monaco Jeffs Zeera Biscuit,200
Parle Monaco Sixer Salted Biscuits ,200
Parle Rusk Elaichi,300
Parsley,100
Patanjali Atta Doodh Rusk,300
Patanjali Cow's Ghee,2
Patanjali Hing Goli,100
Patanjali Kesh Kanti Aloe Vera Hair Cleanser,400
Patanjali Kesh Kanti Anti Dandruff Hair Cleanser,400
Patanjali Kesh Kanti Natural Hair Cleanser,400
Patanjali Kesh Kanti Reetha Hair Cleanser,400
Patanjali Kesh Kanti Shikakai Hair Cleanser,400
Patanjali Pure Honey,500
Patanjali Saundarya Aloe Vera Gel,300
Pear Green Imported,2
Pears Pure & Gentle Glycerin Bath Soap,250
Pears Pure & Gentle Value Pack Of 4 Bathing Soap ,150
Pears Pure And Gentle Value Pack Of 3 Bathing Soap,750
Pediasure Premium Chocolate Powdered Health Drink,1200
Pedigree Dentastix  Dog Treat Oral Care for Adult Medium Breed ,540
Pedigree Dog Food Adult Chicken & Veg,9
Pedigree Dog Food Adult Meat & Rice,9
Pedigree Meat Jerky Adult Dog Treat Barbecued Chicken,240
Pedigree Puppy Chicken Chunks in Gravy ,210
Pedigree Puppy Dry Dog Food Food Chicken & Milk,3609
Philips EyePro 10.5W Light Bulb,1
Philips Stellar Bright 16W Light Bulb,1
Pillsbury Atta With Multigrains Wheat Grains,10
Pillsbury Atta/Godihittu - Chakki Fresh,14
Pillsbury Chakki Fresh Atta,22
Pillsbury Choco Chip Pancake Mix,660
Pillsbury Cooker Cake Mix - Choco,318
Pillsbury Multi Grain Atta,2
Pillsbury Oven Cake Mix - Rich Chocolate,570
Pillsbury Oven Cake Mix - Vanilla,450
Pillsbury Pancake Mix - Funfetti,324
Pillsbury Rich Choco Oven Cake Mix - Egg Free,540
Pillsbury Vanilla Custard Powder,200
Pineapple,1
Pineapple Slice,200
Pomegranate ,2
Pomegranate Peeled,100
Pond's Light Moisturiser,500
Popular Essentials Ajwain Whole,300
Popular Essentials Anjeer,200
Popular Essentials Bajra Whole,2
Popular Essentials Bansi Sooji,1000
Popular Essentials Black Brown Chana (Un-Polished),1000
Popular Essentials Black Cardamom/Elaichi ,100
Popular Essentials Black Masoor Whole (Un-Polished),1000
Popular Essentials Black Pepper,200
Popular Essentials Black Raisins Seedless,200
Popular Essentials Black Til,200
Popular Essentials Black Urad Split,1000
Popular Essentials Broken Wheat/Daliya,1000
Popular Essentials Brown Sugar,1000
Popular Essentials Buckwheat Flour (Kuttu Atta),1000
Popular Essentials Byadagi Chilli Stemless,200
Popular Essentials Californian Almond,1500
Popular Essentials Cashew Split,500
Popular Essentials Chana Dal (Un-Polished),1000
Popular Essentials Chia Seeds,200
Popular Essentials Chiroti Sooji,1000
Popular Essentials Cinnamon Whole (Dalchini),50
Popular Essentials Classic Sona Masuri Rice,10
Popular Essentials Cloves (Lavang),100
Popular Essentials Cooking Soda,400
Popular Essentials Coriander Seeds,100
Popular Essentials Dessicated Coconut,400
Popular Essentials Dhania (Coriander Seeds),400
Popular Essentials Double Beans White,500
Popular Essentials Dry Dates (Kharak),500
Popular Essentials Fried Gram (Bengal Gram),1000
Popular Essentials Green Cardamom (Elaichi),100
Popular Essentials Green Moong Chilka/Chilka (Un-Polished),1000
Popular Essentials Green Moong Whole,1000
Popular Essentials Green Peas (Un-Polished),1000
Popular Essentials Guntur Chilli Stemless,200
Popular Essentials HMT Kolam Steam,12
Popular Essentials Horse Gram,1000
Popular Essentials Idli Rice,2
Popular Essentials Idli Sooji ,1000
Popular Essentials Jeera/Cumin Seeds,200
Popular Essentials Jowa Flour,1000
Popular Essentials Kabuli Chana Regular,1000
Popular Essentials Kashmiri Red Rajma,1000
Popular Essentials Mace/Javitri,40
Popular Essentials Masoor Dal Split (Un-Polished),1000
Popular Essentials Methi Seeds,200
Popular Essentials Misri Dana (Diamond Sugar) ,200
Popular Essentials Moth Whole,1000
Popular Essentials Mustard Seeds Rai Big,200
Popular Essentials Mustard Seeds Rai Small,200
Popular Essentials Mustard Seeds Rai Yellow,200
Popular Essentials Nylon Til,200
Popular Essentials Pancharatna Dal,1000
Popular Essentials Pe Shah Jeera ,100
Popular Essentials Phool Makhana (Jumbo Size),200
Popular Essentials Pink Rajma,1000
Popular Essentials Pista Salted (With Shell),500
Popular Essentials Plain Puffed Rice (Murmura/Muri),200
Popular Essentials Poppy Seeds (Gasagase),200
Popular Essentials Popular Essential Pista Salted (With Shell),200
Popular Essentials Premium Jeera Rice,2
Popular Essentials Pumpkin Seeds,200
Popular Essentials Pure Jaggery,900
Popular Essentials Red Cherry/Gundu Chilli,200
Popular Essentials Red Poha,1000
Popular Essentials Red Rajma,1000
Popular Essentials Refined Sugar,12
Popular Essentials Regular White Lobia,1000
Popular Essentials Rice Flour,2
Popular Essentials Rozana Sona Masuri Raw Rice,10
Popular Essentials Sabja/Basil Seeds,200
Popular Essentials Sabudana,1000
Popular Essentials Salted Murmure ,800
Popular Essentials Samba Broken Wheat,1000
Popular Essentials Sattu Atta,1000
Popular Essentials Saunf/Fennel Seeds,200
Popular Essentials Sona Masouri Raw Rice,2
Popular Essentials Sona Masouri Steam Rice,2
Popular Essentials Soya Beans ,1000
Popular Essentials Star Anise,50
Popular Essentials Sunflower Seeds,100
Popular Essentials Tamarind,1000
Popular Essentials Toor Dal (Un-Polished),1002
Popular Essentials Urad Dal Split (Un-Polished),1000
Popular Essentials Urad Gola Black (Un-Polished),1000
Popular Essentials Urad Gola White(Un-Polished),1000
Popular Essentials White Peas (Un-Polished),1000
Popular Essentials White Til,200
Potato,4
Praakritik Natural Desi Gir Cow A2 Ghee,1080
Praakritik Organic Basmati Rice,1000
Praakritik Organic Besan,1000
Praakritik Organic Chilka Moong Dal,1000
Praakritik Organic Extra Virgin Coconut Oil,200
Praakritik Organic Garlic Powder,200
Praakritik Organic Ginger Powder,200
Praakritik Organic Indrayani Rice,1000
Praakritik Organic Jaggery,1800
Praakritik Organic Jowar Atta,1000
Praakritik Organic Jumbo Rolled Oats,2500
Praakritik Organic Kapli Wheat Atta,2
Praakritik Organic Masoor Dal,1000
Praakritik Organic Natural Rock Salt,1000
Praakritik Organic Natural Wild Forest Honey,400
Praakritik Organic Poha,1000
Praakritik Organic Raw Sugar,1000
Praakritik Organic Singhara Atta,1000
Praakritik Organic Tuvar Dal,1000
Praakritik Organic Yellow Moon Dal,1000
Praakritik Orrganic Cold Pressed Sesame Oil,200
Prabhat Malai Paneer Pouch,400
Prasuma Momos -  Cheesy Spicy Veg,72
Prasuma Vegetable Momos,102
President Butter - Salted,200
Pril Bar Tub,500
Pril Perfect Lime Dishwash Liquid,750
Pril Power Of Active Boosters,400
Pro Nature Organic Sonamasoori Brown Rice,2
Pumpkin Cut,200
Puro Healthy Salt Crystal,2
Quaker Oats,2005
Quaker Oats Breakfast Cereals - With Flavour Mix Nutritious Rich Source Of Energy,1000
Quaker Oats Pouch,5
RRO Burrata Cheese,400
RRO Cheddar Block Cheese,400
RRO Fresh Ricotta,400
RRO Goat Milk Fetta Cheee,200
RRO Mascarpone Cheese,400
RRO Mozzarella Block Cheese,400
RRO Mozzarella Pizza Cheese,400
RRO Primio Refined Groundnut (Jar),4
RRO Primio Refined Groundnut Oil Pet Bottle,2
RRO Sour Cream,400
RRO Til Dil Premium Til Oil Bottle,1002
Radish White,500
Raw Banana,500
Remia Mayonnaise,723
Remia Salad Caesar Dressing,750
Remia Salad Italian Dressing ,750
Revive Revive Liquid,400
Ridge Gourd,500
Rin Detergent Bar,140
Rin Detergent Powder,1
Rin Fabric Whitener Detergent,500
Robin Dazzling Liquid Blue After Wash,200
Safal Frozen - Mixed Vegetables,4
Safal Frozen - Sweet Corn,4
Safal Frozen Corn,800
Safal Frozen Mixed Vegetables,2000
Saffola 100% Pure Honey,1500
Saffola Active Oil,2
Saffola Everyday Peppy Tomato Masala Oats,2500
Saffola Gold (Jar),10
Saffola Gold Oil (Pouch),2
Saffola Gold Refined Cooking Oil (Jar),4
Saffola Oats 100 % Natural,190
Saffola Soya Chunks Mealmaker,400
Saffola Veggie Twist Masala Oats,2690
Saffola Yummy Masala Noodles ,230
Santoor Almond Soft With Sandal & Almond Milk,1250
Santoor Total Skin Care Soap With Sandal & Turmeric,1200
Sapota,6
Satyam Chilli  Bedgi,200
Satyam Khobra,400
Satyam Makhana,200
Satyam Nighties Spices  Chilli Bore,200
Satyam Nighties Spices  Chilli Kashmiri,200
Satyam Nighties Spices  Chilli Pandi,200
Satyam Poha Jada,1000
Satyam Puffed Rice Kurmura (A),400
Satyam Puffed Rice Kurmura (R),400
Satyam Pulses Masur Dal,1000
Satyam Singdana ,1000
Satyam Thin Poha Patla,1000
Savlon Clothes Disinfectant & Refreshing Spray Fresh Breeze,230
Savlon Germ Protection Wipes,72
Savlon Herbal Sensitive Liquid Handwash Refill Pouch,1000
Savlon Moisture Shield Germ Protection Handwash Refill (Buy 1 Get 1 Free),3000
Savlon Moisture Shield Hand Wash,1900
Savlon Surface Disinfectant Spray,170
Scalpe Pro Anti dandruff Shampoo 100ml,200
Scotch BOPP Packaging Tape,1
Scotch Brite Kitchen Sink Brush,1
Scotch Brite Multi-Purpose Sponge Wipes,10
Scotch Brite Power Scrub Pad,1
Scotch Brite Scrub Pad,5
Scotch Brite Silver Sparks Scrub Pad,3
Scotch Brite Sponge Wipe,5
Scotch Brite Sponge Wipes,3
Scotch Brite Tough Scrubber Brush,1
Scotch Magic Tape,1
Scotch-Brite Scrub Sponge Ideal For Dishwash Liquid,2
ScotchBrite Premium Kitchen Towels,1
Sebamed Anti - Dandruff Shampoo,400
Sebamed Cleansing Bar,200
Sensodyne Sensitive Fresh Gel Toothpaste,150
Set Wet Deodrant Charm Avatar,300
Set Wet Style Vertical Hold Hair Gel,100
Set Wet Swag Avatar Deodorant & Body Spray Perfume For Men,300
Shubh kart - Nirmal 5 in 1 Agarbatti Zipper - 150g,150
Shubh kart - Nirmal Eco Box Chandan Agarbatti - 100g,100
Shubh kart - Nirmal Eco Box Sugandhi Mogra Agarbatti - 100g,100
Shubh kart - Nirmal sugandhi mogra wet dhoop zipper 20 sticks,20
Shubh kart - Shubhkart Sambrani Cup Black 12n,12
Shubh kart - Surabhi Camphor Pouch 50g,50
Shubh kart - Tejas Twisted Cotton Wicks 1000n,1000
Smith & Jones Garlic & Herbs Masala Mix,150
Smith & Jones Italian Spices Masala Mix,150
Smith & Jones Masala Noodles,2520
Smith & Jones Mutter Paneer Masala,120
Smith & Jones Pasta Masala,324
Smith & Jones Peri Peri Masala,150
Smith & Jones Pink Pasta Sauce Mix,138
Smith & Jones Red Pasta Sauce Mix,138
Smith & Jones Shahi Paneer Masala Mix,120
Smith & Jones White Pasta Sauce Mix,138
So Good Almond Milk - Natural Unsweetened,400
Soulfull Millet Muesli Fruit & Nut Almonds & Real Fruits,1200
Soulfull Ragi Bites Choco Fills,750
Soulfull Vanilla Fills - Ragi Bites,750
Spinach,250
Sponge Gourd,300
Spring Onion ,250
Stayfree Advanced XL Ultra Comfort Sanitary napkins with Wings,42
Stayfree Dry Max All Night XL Dry Cover Sanitary Pads,84
Stayfree Dry-Max All Night Ultra-Dry Sanitary Pad,21
Stayfree Secure Cottony Soft Cover Sanitary Pad (Regular) with Wings,21
Stayfree Secure Dry Cover Extra Large Sanitary Pad,21
Stayfree Secure Dry Cover Regular Sanitary Pad With Wings,21
Stayfree Secure XL Size Sanitary Napkins,60
Sugarfree Gold Low Calorie Sweetner,800
Sugarfree Gold Low Calorie Sweetner ,300
Sugarfree Natura Low Calorie Sweetner ,84
Sugarfree Natural Green Stevia Leaves Zero Calorie,200
Sugarlite 50% Less Calories Sugar Pouch,1000
Suguna Active - DHA,18
Suguna Fit Egg,18
Suguna Heart- Omega3,18
Suguna Nourish Egg,36
Suguna Nourish Egg ,18
Suguna Sharp Egg ,18
Suguna Vitamin D Egg,18
Suhana Biryani Masala,100
Suhana Mutton Gravy Mix,160
Suhana Paneer Tikka Masala Mix,100
Suhana Spice Mix - Chicken Biryani,150
Sumeru Aloo Paratha,1200
Sundrop Cocoa Nut Hazelnut Chocolatey Spread,480
Sundrop Super Lite Advanced - Sunflower Oil,2
Sunfeast Dark Fantasy Bourbon Bliss,300
Sunfeast Dark Fantasy Choco Creme,300
Sunfeast Dark Fantasy Choco Fills,75
Sunfeast Dark Fantasy Choco Fills Cookies Packet,300
Sunfeast Dark Fantasy Vanilla Creme,300
Sunfeast Farmlite 5 Seed Digestive,250
Sunfeast Farmlite Nuts Digestive,250
Sunfeast Farmlite Oats & Almonds Biscuits Packet,150
Sunfeast Marie Light,200
Sunfeast Mom's Magic Cashew & Almond Biscuit,60
Sunfeast Mom's Magic Cashew & Almond Biscuits,600
Sunfeast Mom's Magic Cashew & Almond Cookies Packet,200
Sunfeast Mom's Magic Rich Butter Cookies,200
Sunfeast Nice Biscuit,150
Sunfeast Pasta Treat Pack of Tomato Cheese,325
Sunfeast YiPPee! Magic Masala Noodles,2025
Sunfeast YiPPee! Noodles - Magic Masala,1620
Sunfeast Yippee Tricolor Pasta Seasoning,195
Sunfeast Yippee! Magic Masala Noodles,1200
Sunfeast Yippee! Mood Masala Noodles,1300
Sunfeast Yippee! Pasta Treat - Sour Cream Onion,650
Sunfeast Yippee! Power Up Atta Noodles,1400
Sunfeast Yumfills Whoopie Pie,276
Sunsilk Lusciously Thick & Long Shampoo,1980
Sunsilk Stunning Black Shine Shampoo,1300
Super Saver Kolam Rice Sortex Clean ,10
Surabhi Pure Camphor,25
Surf Excel Detergent Bar Value Pack,800
Surf Excel Easy Wash Detergent Liquid,1
Surf Excel Easy Wash Detergent Powder,1
Surf Excel Matic Front Load Detergent Liquid,1
Surf Excel Matic Front Load Detergent Powder,2
Surf Excel Matic Powder Front Load ,4
Surf Excel Matic Top Load,4
Surf Excel Matic Top Load Detergent Powder,1
Surf Excel Quick Wash,5
Surf Excel Stain Eraser,150
Sweet Corn,2
Sweet Lime,2
Sweet Potato ,500
Switz Paratha Puff,1200
Switz Samosa Dough Sheets,150
Switz Spring Roll Dough Sheets,60
TGFC Basa Fillets,500
TGFC Bombay Duck Whole Cleaned,500
TGFC Catla Bengali Cut,500
TGFC Chicken Boneless Fresh Whole,500
TGFC Chicken Curry Cut Fresh,500
TGFC Rohu Bengali Cut,500
TGFC Tilapia Curry Cut,500
TRESemme Smooth And Shine Conditioner,760
Tata Salt,2
Tata Salt Lite,2
Tata Sampann High Protein Kali Urad,1000
Tata Sampann High Protien Chana Dal - Split,1000
Tata Sampann High Protien Kabuli Chana,1000
Tata Sampann High Protien Toor Dal - Split,1000
Tata Sampann Kala Chana,1002
Tata Sampann Masoor Dal Stand,2
Tata Sampann Moong Chilka ,1000
Tata Sampann Moong Dal Split,400
Tata Sampann Poha,1000
Tata Sampann Unpolished Chana Dal,1000
Tata Sampann Unpolished Moong Dal ,1000
Tata Sampann Unpolished Rajma (Chitra),1000
Tata Sampann Unpolished Toor Dal/Arhar Dal,400
Tata Sampann Unpolished Urad Whole,1000
Tata Sampann Urad Dal Split,1000
Tata Sampann kabuli chana,1000
Tata Tea Gold,400
Tender Coconut,1
The Bake Shop Bread Crumbs,800
The Bake Shop Burger Buns,200
The Bake Shop Foot Long,400
The Bake Shop Jeera Ajwain Bread Sticks,100
The Bake Shop Jeera Khari,200
The Bake Shop Masala Cheese Crackers,100
The Bake Shop Masala Lavash,200
The Bake Shop Maska & Multigrain Cheese Crackers,150
The Bake Shop Maska Khari,100
The Bake Shop Methi Khari Simply Delicious,200
The Bake Shop Milk & Raisin Toast (Rusk),200
The Bake Shop Multi Grain Bread,800
The Bake Shop Pizza Base,300
The Bake Shop Pizza Base Whole Wheat,300
The Bake Shop Premium White Sandwich Bread,800
The Bake Shop Sesame Seed Crackers,150
The Bake Shop Whole Wheat Bread,800
The Bake Shop Whole Wheat Bread Sticks,100
The Bake Shop Whole Wheat Ladi Pav,400
The Bake Shop Whole Wheat Multigrain Lavash,200
The Bake Shop Whole Wheat Multigrain Toast (Rusk),200
The Bake Shop Whole Wheat Oats Khari,200
The Bake Shop Whole Wheat Toast (Rusk) ,200
The Laughing Cow Cheese Cubes,400
The Laughing Cow Cheese Slices,400
The Laughing Cow Cheese Spread Plain,900
The Laughing Cow Plain Processed Cheese Block,400
The Whole Truth - 5 Grain Muesli No Added Sugar,1050
"The Whole Truth - Nuts, Fruits & Seeds Muesli",1050
The Whole Truth Cranberry Mini Protein Bar No Sugar,81
The Whole Truth Cranberry Protein Bar No Sugar,156
The Whole Truth Dark Chocolate Peanut Butter - Creamy,1625
The Whole Truth Dark Chocolate Peanut Butter - Crunchy,1625
The Whole Truth Double Cocoa Mini Protein Bar No Sugar,81
The Whole Truth Double Cocoa Protein Bar No Sugar,156
The Whole Truth Energy Bar Choco Cranberry Fudge,120
The Whole Truth Mini Protein Bar - Coconut Cocoa No Added Sugar,81
The Whole Truth Mini Protein Bar - Coffee Cocoa No Added Sugar,81
The Whole Truth Mini Protein Bar - Peanut Butter No Added Sugar,81
The Whole Truth Peanut Butter - Sweetened & Crunchy,1625
The Whole Truth Peanut Butter - Unsweetened & Crunchy,1625
The Whole Truth Peanut Butter With Dates - Creamy No Sugar,1625
The Whole Truth Peanut Cocoa Mini Protein Bar No Sugar ,81
The Whole Truth Peanut Cocoa Protein Bar No Sugar,156
The Whole Truth Vegan Almond Choco Fudge Energy Bar No Sugar,120
The Whole Truth Vegan Fig Apricot & Orange Energy Bar No Sugar,120
The Whole Truth Vegan Mocha Almond Fudge Energy Bar No Sugar,120
Tide Plus Extra Power Lemon & Mint Detergent Powder,2
TilSona Til Oil,1000
Tomato Cherry ,200
Tomato Hybrid,1
Tong Garden Salted Cocktail Nuts,320
Tong Garden Wasabi Coated Greenpeas Tin,360
Tong Garden Wasabi Green Peas,450
Top Ramen  Noodles Curry Veg Pouch,350
Top Ramen Chicken Noodles,1400
Top Ramen Masala,2800
Top Ramen Masala Oat Masala,840
"Top Ramen Noodles, Atta",1400
Tresemme Keratin Smooth Conditioner,680
Ujala Superme For Super Whiteness Of Clothes,75
Unibic Almond & Oats Protein Bar,90
Unibic Assorted Cookies ,450
Unibic Cashew Cookies,75
Unibic Choco Kiss Cookies,75
Unibic Choco Nut Cookies,75
Unibic Daily Digestive (Multigrain Cookies),75
Unibic Fruit & Nut Cookies,67
Unibic Fruit & Nut Real Cranberries & Almonds Protein Bar,90
Unibic Honey Oatmeal Cookies,75
Unibic Oatmeal Digestive Cookies ,150
"Unibic Snack Bar - Multigrain, Choco",30
Unibic SugarFree - Butter Cookies,75
Unibic SugarFree - Oatmeal Cookies,75
Uno Playing Card Game,1
Vanish All in One Powder Detergent Booster,400
Vaseline Intensive Care Aloe Fresh,400
Vaseline Intensive Care Deep Moisture Body Lotion,800
Vaseline Original Skin Protecting Jelly,200
Vaseline Skin Protecting Jelly,100
Veeba Barbeque Sauce,990
Veeba Carrot & Cucumber Sandwich Spread,750
Veeba Cheese and Chilli Sandwich Spread,825
Veeba Chipolte Southwest Dressing,900
Veeba Eggless Mayonnaise,750
Veeba English Mustard,900
Veeba Favourites Eggless Burger Mayonnaise,750
Veeba Hot Sweet Tomato Chilli Sauce,1500
Veeba Mint Mayonnaise,900
Veeba Pasta And Pizza Sauce,840
Veeba Peri Peri Sauce,900
Veeba Pizza Topping,840
Veeba Salsa Dip,1080
Veeba Sriracha Chilli Garlic Sauce,960
Veeba Sweet Onion Sauce,1050
Veeba Thousand Island Dressing,900
Veeba Truly Tomato Ketchup,1500
Veet Full Body Waxing Kit,40
Veet Full Body Waxing Kit For Dry Skin,60
Veet Hair Removal Cream (Normal Skin),150
Veet Hair Removal Cream Dry Skin,150
Veet Sensitive Skin Hair Removal Cream,150
Vicks BabyRub,25
Vicks Cough Drops Menthol,20
Vicks Inhaler with Keychain,2
Vicks VapoRub,50
Vicks Vaporub,25
Vim Dishwash Bar,900
Vim Dishwash Liquid Gel Lemon,750
Watermelon ,1
Weikfield Baking Powder,300
Weikfield Baking Soda,200
Weikfield Cocoa Powder,100
Weikfield Cooker Cake Mix - Chocolate,300
Weikfield Cooker Cake Mix - Vanilla,300
Weikfield Drinking Chocolate Powder,200
Weikfield Falooda Mix - Kesar Pista,400
Weikfield Falooda Mix - Mango,400
Weikfield Tomato Salsa Instant Pasta,385
Weikfield Vanilla Custard Powder,1000
Weikfield Vanilla Flavoured Custard Powder,200
Weikfield Veg Jelly Crystals - Mango,180
Weikfield Veg Jelly Crystals - Orange,180
Weikfield Veg Jelly Crystals - Raspberry,180
Weikfield Veg Jelly Crystals - Strawberry,180
"Whiskas Adult (+1 Year) Dry Cat Food, Ocean Fish Flavour",3
Whiskas Adult +1 year Salmon in Gravy,1
Whiskas Adult Pocket Tuna Cat Food,3
Whiskas Kitten (2-12 months) Dry Cat Food Food Ocean Fish,3300
Whiskas Wet  Meal (Adult - Cat Food)  Chicken in Gravy,255
Whiskas Wet  Meal (Kitten - Cat Food)  Chicken in Gravy,255
Whisper Bindazzz Night Sanitary Pads XL Plus,45
Whisper Bindazzz Nights XL + Sanitary Pad,21
Whisper Choice Regular Sanitary Pads,120
Whisper Choice Regular Wing Sanitary Pad,21
Whisper Choice Sanitary Pad ,21
Whisper Choice Ultra XL Sanitary Pad,60
Whisper Daily Liners Clean and Fresh,60
Whisper Ultra Clean Wings XL+  Pouch,132
Whisper Ultra Clean XL Plus Sanitary Pad,90
Whisper Ultra Soft Air Fresh Sanitary Pads (XL) with Wings,90
Whisper Ultra Soft XL+ Sanitary Pads,270
Wingreens Cheesy Chipotle Sauce,390
Wingreens Farms Chipotle Dip,540
Wingreens Farms Tangy Cheese Pita Chips & Mexican Salsa Dip,210
Woodward's Gripe Water,400
Woodwards Gripe Water ,260
Yoga Bar Breakfast Muesli - Almond Caramel (No Added Sugar),1200
Yoga Bar Breakfast Muesli - Chocolate & Cranberry ,1200
Yoga Bar Breakfast Protein Bar - Blueberry Pie,150
Yoga Bar Multigrain Energy Bar Nuts And Seeds,114
Yoga Bar Peanut Butter Dark Chocolate Jar,2000
Yogabar 100% Pure Peanut Butter Creamy & Yummy Unsweetened,2000
Yogabar No Added Sugar Protein Bar Brownie,180
Yummiez American Sweet Corn,1200
Yummiez Chicken Breakfast Sausages,1000
Yummiez Chicken Garlic Fingers Pouch,2400
Yummiez Green Peas,1503
Yummiez Veg Cheese Fingers Pouch,1200
Zama Organics Carrot,250
Zama Organics Sweet Potato,250
Zandu Balm,33
Zandu Balm Ulter Power For Strong Headache Bodyache & Cold,8
Zorabian Chicken Breast Boneless,250
Zorabian Chicken Breast Boneless ,450
Zorabian Chicken Cubes,500
Zorabian Chicken Kheema Parathas,1800
Zorabian Chicken Leg Boneless ,450
Zorabian Chicken Legs Skinless,450
Zorabian Chicken Mince,450
Zorabian Chicken Smoked Ham,1500
Zorabian Pre Cut Chicken Skinless (Half),500
Zucchini Green,250
Zucchini Yellow,500
iD Curd Cup,800
iD Curd Pouch,800
iD Idli & Dosa Batter ,7
iD Malabar Parota ,1200
iD Natural Paneer,400
iD Wheat Lachha Paratha,1200
